{"cameraMode":{"drawMode":0,"name":"Shaded","section":"Shading Mode"},"sceneLighting":false,"audioPlay":false,"sceneViewState":{"m_AlwaysRefresh":false,"showFog":false,"showSkybox":false,"showFlares":false,"showImageEffects":false,"showParticleSystems":false,"showVisualEffectGraphs":true,"m_FxEnabled":true},"in2DMode":false,"pivot":{"x":-3.2287139892578127,"y":2.9216978549957277,"z":-2.0667529106140138},"rotation":{"x":-0.01280753593891859,"y":-0.9817901253700256,"z":0.17592760920524598,"w":-0.07137743383646012},"size":3.6817641258239748,"orthographic":false}